{
  "n_bootstrap": 5,
  "all_decks": {
    "mean": 0.08526315789473685,
    "std": 0.007177990366834661,
    "ci_95": [
      0.07657894736842107,
      0.09447368421052633
    ],
    "samples": [
      0.07631578947368423,
      0.08421052631578949,
      0.09473684210526317,
      0.09210526315789475,
      0.07894736842105264
    ]
  },
  "tournament_decks": {
    "mean": 0.10894736842105264,
    "std": 0.0012892051277806126,
    "ci_95": [
      0.10789473684210525,
      0.11052631578947367
    ],
    "samples": [
      0.10789473684210528,
      0.11052631578947367,
      0.10789473684210525,
      0.10789473684210525,
      0.11052631578947367
    ]
  },
  "improvement": {
    "mean_delta": 0.023684210526315794,
    "std_delta": 0.007806524723258597,
    "relative_pct": 27.77777777777778
  },
  "decision": "USE_FILTERING_CONFIDENTLY",
  "statistical_significance": 